species,run,n_nodes,n_edges,is_binary,mc_bio,lorenz_bio,narma10_bio,mackey_glass_bio,mc_random,lorenz_random,narma10_random,mackey_glass_random,mc_pso_b,mc_pso_a,lorenz_pso_a,narma10_pso_a,mackey_glass_pso_a,mc_de_a,lorenz_de_a,narma10_de_a,mackey_glass_de_a,mc_gwo_a,lorenz_gwo_a,narma10_gwo_a,mackey_glass_gwo_a,mc_woa_a,lorenz_woa_a,narma10_woa_a,mackey_glass_woa_a
celegans,0,279,2194,False,1.1617981333996623,0.44797136054135134,0.8727394404802313,0.2597274079308492,1.7072582769234153,0.39182279317679086,0.7406047670696632,0.2003428650063447,2.010849519726786,7.200653298247862,0.28373975028936504,0.7336997869262706,0.04957087684997165,10.92156128476313,0.2554628042462579,0.7234642871376095,0.04655981503313227,14.207395748589436,0.18206975135406428,0.7148069952756304,0.031103289474923357,25.28827571234572,0.11549983398629438,0.4777355472279169,0.05307161249377969
celegans,1,279,2194,False,1.2960742130683607,0.43889104453102645,0.8231526122015803,0.29216290870064765,2.032692490337645,0.3584418607230569,0.7034424342207756,0.19387908568953313,2.3325658078220175,7.846379163301525,0.2137927770950422,0.6830696841331755,0.10024078301465295,8.76174076853219,0.16511599640855565,0.6226746373844761,0.041777747607200114,11.313419738764223,0.15058559479699332,0.654082081128402,0.07691902689015374,25.84506884875771,0.1181304745231633,0.37524539742644186,0.08998589567097492
celegans,2,279,2194,False,1.6651717756017161,0.42891682552734134,0.8316798590660207,0.25688960795634475,2.346193661545946,0.319967406581283,0.6715440901519064,0.15739546619575273,2.531989597401863,6.098271638885304,0.2158142698745839,0.6009976399375625,0.044150543931468174,7.388030594108656,0.18728436214997374,0.621395415185486,0.04771861043507093,13.853748347810475,0.14400813357034925,0.6370929257769299,0.03181704722121269,18.126886137774818,0.06734186232533779,0.36996615874487787,0.028618916906250652
celegans,3,279,2194,False,1.567305466949706,0.4107995544677596,0.820564244983927,0.24167271758199524,2.5180921688999933,0.31320949190082836,0.6420147863700415,0.15936724093862473,2.760231231275861,7.22908204382754,0.21325986181495546,0.6254098576456351,0.04025581744091928,9.291288450946796,0.1874465737083172,0.601206014155018,0.03647771349941838,12.858663327363887,0.12040535142615606,0.6010497205787534,0.038944236120297716,25.51672062603675,0.08251407198990034,0.3525452501994473,0.07565102311995703
celegans,4,279,2194,False,1.3622887237339956,0.41906845359993783,0.8384684031758156,0.2553447974141685,1.9960975113103696,0.3133689231155991,0.6853623182234314,0.18054210810687712,2.2877325186229567,6.482933510448088,0.22166010520903565,0.6499269131515235,0.047155564295727224,6.785190603246213,0.18780257780859283,0.5815962198640113,0.05233985210063551,13.39143735494389,0.13690588021481415,0.5927050446772364,0.1069881782645567,24.524153291571192,0.2398548109952208,0.38509648455673195,0.044505144610320506
celegans,5,279,2194,False,1.2690227761679358,0.4562960525785273,0.8291420472949558,0.22808127184194318,1.8645477874716525,0.3781172613355814,0.7077552369714751,0.12754066872310552,2.1571938219344204,9.200460569458599,0.23469435610909797,0.6775434029863936,0.05696267818408375,8.070450967840289,0.23241513102659578,0.6156180991016126,0.042848338095390535,10.99005471054229,0.14709222655619464,0.6607887689236216,0.0340705000560574,18.518022656199527,0.12801515029438373,0.3834880116669793,0.03937170452182833
celegans,6,279,2194,False,1.2234143846475183,0.4036500045325755,0.8366862595839775,0.25076191989356794,2.0078182791771457,0.32002316741188397,0.7099378778455139,0.19459497378318996,2.252800593660776,6.2872076086340565,0.23305427014898852,0.6233416613320004,0.04531078188816543,7.351701838047539,0.22940889033529052,0.6745047636458398,0.06095616395073166,13.515304927909597,0.1278811005672259,0.6658667696026906,0.048578654423489666,24.498680846316155,0.12921087321727912,0.42844610300676145,0.038426496028479924
celegans,7,279,2194,False,1.4938169339908127,0.4132770149292071,0.849203835831594,0.24117905453747238,2.223488781584478,0.3244003528054124,0.7077508738045769,0.13670638791673323,2.350059650915949,5.233468693328125,0.17721688197271288,0.6792989097028577,0.04588880541949946,8.372748915595396,0.17756104568312336,0.6071094018151338,0.04815782053085313,17.58242795407378,0.13282822217217283,0.5241846637064828,0.05074378349857149,22.99539792032756,0.08052379074525802,0.45654039374880534,0.025925332139429248
celegans,8,279,2194,False,1.2089926495345866,0.3950528924906494,0.8595387740275645,0.24387900016918815,1.6602411332892408,0.30786603101162346,0.7320131276487531,0.19623220226208615,2.033595334993419,6.898058317214307,0.19255470820727186,0.6584856740304512,0.05189622844914888,6.949645668300135,0.16190397621236938,0.6677175435458984,0.04792103615500714,11.130113674945411,0.10331691299556689,0.4276030172435508,0.03694431458833013,24.53486942650833,0.06750738988853959,0.5976580213133561,0.03040102981053328
celegans,9,279,2194,False,1.6990497389625263,0.4295449347212493,0.8186664961193393,0.2600097598567644,2.8989111302000983,0.3364557534057476,0.6436846937990134,0.17526890499926892,3.1430836516181415,7.059444879139411,0.23443057170794673,0.6414126498959928,0.044664439836953784,6.800001960201914,0.21149362384698758,0.6029905838572381,0.04511838126748256,17.10019684479961,0.11465117854633285,0.6068671512563016,0.09876708249494401,29.206908405858233,0.07636672378527606,0.4935604888517671,0.03595812454379574
fly,0,49,1950,False,1.6052206398843218,0.44273787428808964,0.769988813543918,0.26730020212005035,1.358284057915485,0.5830784921187061,0.7699000845677781,0.3137303413124489,1.475534883092038,2.706071062409252,0.30716785254572915,0.7273640590668892,0.16090448881392527,4.32768242457361,0.27237593607122834,0.7210998991452737,0.1253117024001117,6.2871562439338575,0.22677094104337073,0.6925408245424927,0.061512792214986546,13.448473331795833,0.14244394663249638,0.4982712188349334,0.033836694560604105
fly,1,49,1950,False,1.8399226458235522,0.4364949552059373,0.7251946981052346,0.2112598159619381,1.3876289832271134,0.6476877810661849,0.7396678483108587,0.25850402892694346,1.6130128199704654,2.779758829776798,0.2585185314893468,0.6802746626557097,0.14517855007623579,3.447187925254445,0.24677568036410627,0.6794408352638703,0.09889222107501877,6.4519781683574715,0.23486660298308065,0.6555001676720622,0.05508531428671339,8.832166604288274,0.11238995970440273,0.5612478235036491,0.02855022546052086
fly,2,49,1950,False,2.1161747152937096,0.4160914073885745,0.6898080880472934,0.24613642905275454,1.5958516116243797,0.6757213894192401,0.7159262965137663,0.2937198986489305,1.9197039126350206,3.230601857675689,0.23333799764644134,0.647184070992599,0.16017366811001416,3.462799965095646,0.2261190796904489,0.6395745078003965,0.10084885811947523,6.2247097422268345,0.18258910729278877,0.6220603873512224,0.07185856161662005,10.416351419352772,0.10423263036022154,0.4368492204191432,0.03767414780469473
fly,3,49,1950,False,2.34609844393712,0.40650478977371335,0.654626644556919,0.2569450083114269,1.9389908626453596,0.5942526222990794,0.6639696641834535,0.3143522754549076,2.10252973086105,3.42468342707345,0.2433268226812959,0.6205993672125959,0.1673437387657281,4.210949691004484,0.22737270881239044,0.6042657632187279,0.10353465832985348,6.547150591147482,0.17775846921070682,0.5557627315432273,0.038994971088450944,12.530984106523908,0.09623339721708904,0.5465517778905054,0.028043592781626138
fly,4,49,1950,False,1.8081725535564632,0.40570691983734747,0.6854115673130042,0.23025372431445335,1.408232960757613,0.6135685121296447,0.6999179149831941,0.26934832289994837,1.571881013648285,2.955916657634599,0.23760235583247794,0.6575421937354621,0.16621242086972607,3.1240192146373826,0.20921884173842328,0.6512630098961152,0.10171257420919685,5.772617267814569,0.15889172193150927,0.6466003280288545,0.06295685832785043,9.66723293312561,0.08378975605635319,0.4923437651616619,0.03855316152151428
fly,5,49,1950,False,1.7274373453091456,0.4650525299444349,0.711787937729698,0.24962310055128295,1.329294312277304,0.693910680696072,0.7172893451605266,0.31929538182438016,1.5406020849096218,2.88085737184431,0.2961198840476545,0.6657912421755251,0.17443444976909797,5.09761673441921,0.25974009153268496,0.6647107423197048,0.10538467249422928,6.642821318464798,0.22183693372999347,0.6333689705774924,0.06933669678317668,9.731472425734502,0.13393755714800748,0.5399078320865481,0.039147850683690213
fly,6,49,1950,False,1.7289181320854323,0.4010585967929912,0.7345187223559626,0.2527768164214323,1.3590496909829561,0.5802553283886682,0.7443567285443344,0.31294161471035803,1.580269081656649,2.805896914391768,0.24900032727689214,0.6892356750841515,0.17576638635074468,3.6351629884461465,0.22253621496958662,0.6840324800592364,0.09193062553060162,6.7496953965203685,0.196561890899856,0.6668072528219847,0.0511390196206763,11.018138935268237,0.12460552784497639,0.5815125571102369,0.030208688663054522
fly,7,49,1950,False,1.8722725385457315,0.39514930527423103,0.7300116868928545,0.2565584329873305,1.503501661977305,0.5686705858977453,0.7350521266698469,0.3223955616990375,1.651272791119247,3.2181640287797904,0.2587740664946792,0.6886903067811456,0.20977883952326018,4.0336628627604485,0.22579502420412556,0.6811052088483698,0.11188099605316083,6.0278430360495445,0.1886619896893413,0.6520761296160532,0.06541205234934365,10.00802814548941,0.1277588742974671,0.4796608649644625,0.035159670186599226
fly,8,49,1950,False,1.5886280253552096,0.3785370271671214,0.7394811591436518,0.23807868460085213,1.2815778952375214,0.5285218000883948,0.7435191805019156,0.2910197762141963,1.3938531308066782,2.7470731258862533,0.24811171437554294,0.7026804328036158,0.1539081256382529,3.3005703256720227,0.2365221123207537,0.6927615724128318,0.11043207764217412,7.655509235225788,0.19286781326045524,0.6654838163824548,0.05743175966353277,11.719058398013319,0.12035704205106551,0.5685038640993684,0.03203546414560881
fly,9,49,1950,False,2.638371358026104,0.4220364067150816,0.6511931051554898,0.25515373392299384,2.164578202988016,0.6514473469726371,0.6698141726050437,0.31448813341720533,2.3947953706062464,3.531261391708866,0.25547076814901065,0.6279779099137153,0.17225622094658766,5.295826842025015,0.2401424061740256,0.6213767360077386,0.0762147343677058,7.9279359282310615,0.16072820281119454,0.6119814778305877,0.05656375940460752,11.68561972724392,0.105996951065064,0.4608012087311437,0.03271413782527827
mouse,0,112,6542,False,1.4808366760488147,0.4995971506970155,0.7594766956021404,0.2913917479572375,1.2757770239887332,0.6374774518602245,0.7817512555723107,0.3210676597466122,1.3232118206766048,2.6588566082080933,0.31399225299661254,0.7306628498194013,0.20893980618132707,3.3513592685547575,0.29720065923019057,0.7345481237914424,0.102152706122341,4.954917499937369,0.2300041148335967,0.7332018791859651,0.05563943256074951,10.016474001778215,0.13475567286009124,0.7081496181932528,0.034390923335671154
mouse,1,112,6542,False,1.600759488268331,0.5133073943160972,0.7206807810743282,0.26232650693529086,1.3290790827956183,0.6737919931642983,0.7487525401544096,0.2918905290737036,1.3873788659200352,2.6720970899914906,0.28209299040454866,0.6844105193525919,0.16431841613137843,3.576823037640909,0.2696859623253534,0.6838054726144555,0.12653094650332805,5.825335094020939,0.19707382050248295,0.6811257835987207,0.04641406769694434,8.476704447596555,0.14043178606271667,0.4218291478308021,0.030766342665348063
mouse,2,112,6542,False,1.881464639987345,0.5105541936482902,0.6983640580151114,0.2718565091933023,1.585430610730153,0.6969089403693832,0.7294967139357562,0.30182073728167347,1.6814786767999679,2.8990917745562013,0.2580481453472501,0.6686925303317575,0.18542483572407328,3.8136183669973693,0.25270734822640045,0.6658382415160639,0.13090895318183038,5.643511325856568,0.21894815821044117,0.6634842910976028,0.04954486632506916,10.871975099182428,0.12839077693309228,0.6571324480759123,0.03375094162860172
mouse,3,112,6542,False,2.0908003745265415,0.4943111874482005,0.6676225115268052,0.3053560678415727,1.806027138209905,0.6598570708557595,0.6932353234518894,0.34384551882140973,1.9025234112068483,3.1481669251291784,0.2561989538005361,0.6439981158797663,0.20915078295246828,3.8978895295637743,0.2243437582739703,0.6351752984940542,0.11524526388402048,6.263957818791516,0.20946934538893291,0.601431322076675,0.05539711245173243,10.51961707142561,0.1419618215709708,0.5578655958054787,0.02875251922929506
mouse,4,112,6542,False,1.5591887473476165,0.4932202761273721,0.6974776491591653,0.2675075022592584,1.251700605623255,0.6714708210254103,0.7226671258208122,0.2991978963442416,1.3753454863831576,2.6285934446135717,0.2490286010275454,0.6729853753305187,0.16585482469922985,3.7757616552640636,0.2594524375954275,0.6702200075785363,0.12740856681900986,5.632517361761922,0.21533989444034485,0.651478768492328,0.05131817070513126,9.140610892247867,0.1027352517832108,0.42511103149662904,0.03241670785489033
mouse,5,112,6542,False,1.536911934476734,0.5438369012978048,0.7042102749787459,0.26906150637432386,1.2651694484274711,0.710640054914205,0.7272579374634478,0.3022615646844828,1.3775476233798518,2.707493637959771,0.3012439641491245,0.668992606737374,0.1640473763198783,3.267138239398555,0.27068215461056266,0.6758853765982857,0.07240908372808749,5.52701867120523,0.24776765303355242,0.6689007403776973,0.056705133997841974,14.612159428804704,0.1288325020442148,0.6224057901169084,0.037292153489251134
mouse,6,112,6542,False,1.5364813668874355,0.471058023967799,0.7335172636214137,0.31307329776000564,1.2552308134903654,0.6150723621171503,0.7584242882504749,0.3503668766426687,1.3665122329366712,2.6643801928166684,0.26126426872455677,0.7002162657997529,0.1937102721871173,3.7692893864249584,0.2562227791666287,0.6975412024111071,0.14457042367774112,3.695022741254185,0.2034603500819096,0.6981552608450551,0.057932295244832226,9.831632619400388,0.1319485564811798,0.5296361575927707,0.03245275328857264
mouse,7,112,6542,False,1.6353393018089801,0.4741386592257117,0.7309041199422723,0.2772483143952973,1.3429187691209235,0.6376301582787818,0.7576160247856288,0.31405126022415886,1.4442349506594176,2.84330344732066,0.2574130197538002,0.7002144579841125,0.1571696845461391,3.2256233820666993,0.24947607171755137,0.7004832910161518,0.09210885932751793,6.179360863373152,0.21812447721059733,0.6528135573667759,0.04562591931606022,12.23039141536508,0.13420829304256576,0.44612524032102946,0.03261583324200668
mouse,8,112,6542,False,1.3721695234737366,0.4516949074887995,0.7389442779600621,0.27438987677025245,1.111781305512036,0.5841057778801639,0.7575708970472572,0.30617876904889,1.1765560505927604,2.4584324987208044,0.2543422721576902,0.7100216355632051,0.17127625924908488,2.942226896879631,0.22636739305217546,0.7069925953115446,0.10694189109120583,5.401073194309279,0.17113097985520925,0.69896906422398,0.054442903102471664,12.379432790588453,0.13187179010591188,0.616759363910586,0.02809562617477474
mouse,9,112,6542,False,2.3601919449251265,0.5048972191378568,0.6692095411384178,0.3181748088795068,2.0634118878531202,0.689965572170294,0.6972944518631319,0.3615000506885891,2.1602850231318067,3.446801687237672,0.26683418143799853,0.6516856448069591,0.21141431759793233,4.071082840609483,0.23586122064811854,0.6476461099064221,0.13613014443791568,4.888234686348698,0.21380839658693693,0.6291948248424027,0.055708131449441346,11.49287786781414,0.14652367467230965,0.580019124843776,0.028057948001148303
rat,0,73,1923,False,1.8095892151735387,0.4064739998717463,0.7389909890437184,0.22185471413726982,1.6240398157365308,0.4701326730667582,0.7499688230628014,0.28854365159332146,1.6448688967905918,1.8878556689011936,0.38285617320286475,0.7386634456815212,0.2182466935096611,3.025146830669561,0.2777188074406626,0.7264526840822896,0.12899447358125532,3.58107010488038,0.22429168559031926,0.7145965597746654,0.06056819725131832,13.20433501223311,0.12427449009158573,0.6722540500298103,0.03843210183339209
rat,1,73,1923,False,2.0012300788685193,0.40209882972005606,0.6984806056561145,0.1755482682749101,1.7669189290929685,0.4992940589331028,0.7122841499947531,0.23494487338744546,1.825169571227666,2.02598793025517,0.3605562676989248,0.6988499261618005,0.17725307192624612,2.931271853190802,0.2590636147516771,0.6773331832795544,0.10118692696750517,4.254044485592362,0.18458724586262218,0.6662660542284473,0.04765766176198092,8.393423349580823,0.10327528134716771,0.43109628966347385,0.030476706373304394
rat,2,73,1923,False,2.299707556503884,0.38241835764577664,0.6687547985336422,0.19880130972319987,2.078761068284111,0.48942220578747964,0.6880552786435455,0.2620200854076613,2.13523902194045,2.326565888414242,0.3747770686086988,0.6715163133866526,0.19498059389135122,3.6568400888275256,0.2154191487560709,0.6534657743684623,0.12542197908700448,4.654593644064873,0.16446734461635934,0.6380047840843435,0.054404619684419314,10.284208258298067,0.08876035397010927,0.43727929049855085,0.03625158859876585
rat,3,73,1923,False,2.503286031077657,0.37258805798760386,0.6345333311443954,0.20548507643800143,2.2026673338487335,0.521543559776783,0.6594438746491766,0.2929568238351804,2.3375047625266467,2.522971089874494,0.3730935253160895,0.6350500010110971,0.20493721313860142,3.457367603513453,0.22133866784360492,0.613352677462364,0.11261687485179196,4.862277709711841,0.1822410495931736,0.6012616927442115,0.04554659757511481,9.434246393022912,0.08159807684893441,0.5310025284866771,0.029718460426185582
rat,4,73,1923,False,1.9677785835284174,0.3714807683821232,0.6705619812410333,0.19244865919906923,1.6997038284309558,0.5001888931646719,0.6888872386707389,0.25062066351565954,1.8147358311240986,1.990512727159886,0.3707356183062931,0.6701717537275118,0.19069198106845722,3.213238959429087,0.22115441056876955,0.6616692911715605,0.09761115010971266,4.249127435081369,0.17225178690516724,0.6467716070661074,0.053879126966303675,10.38786802537524,0.07664146164589908,0.40614016945386106,0.033388942792370487
rat,5,73,1923,False,1.8949526137977197,0.42761294907458547,0.6812694764067012,0.1881525188869945,1.643794272447939,0.5538108170096634,0.6954025149379673,0.2716584743913829,1.7085995991588407,1.9684980586821172,0.38409194252829437,0.6809818401245031,0.19153415974622215,3.2120411072307813,0.2645421578818437,0.6648276438171548,0.11492989775062465,4.64749064677886,0.2011041187305226,0.6636126378769265,0.05757176814379587,13.271628146576306,0.13349304614566201,0.4609368470228961,0.03350789939495514
rat,6,73,1923,False,1.903404639862705,0.36801683569607996,0.7075103786636948,0.20606447271063658,1.4868812162414167,0.5579373601013035,0.7394182345668954,0.30208504095670136,1.739494220766709,1.989387766970582,0.35928543960455867,0.7078534715831022,0.20607394776139548,3.0485046670345772,0.23171456364184928,0.6862054374503859,0.1184064315036367,3.9159408583859046,0.19129491331933227,0.6802749789049651,0.049663620053948844,11.021628567665411,0.11070704250374214,0.6204787151265583,0.026862523551819843
rat,7,73,1923,False,2.043444963730475,0.3581153530756578,0.7030940430688507,0.19489092588909723,1.7758683419361296,0.48344716984227976,0.7237954429366552,0.2890887257513531,1.8848572515467015,2.0286100786175094,0.3426164771243817,0.7033271383063864,0.19678659151569589,3.094174528991506,0.247120310631322,0.6846264364225151,0.10336813856471702,4.498288231599638,0.2060356747769498,0.6613463373449417,0.0545691586189315,14.299513711654592,0.09963927091849617,0.46462474722039915,0.031166354545424022
rat,8,73,1923,False,1.750058337627569,0.34258553382579526,0.7164724652820379,0.19166082529495876,1.459573667108836,0.4702623069766497,0.7353877972414494,0.26754643721346094,1.5844140048510313,1.7578590451292675,0.3290852375269675,0.7169415036061245,0.19274482386453215,3.206222902789706,0.22803876176366303,0.7011124887038558,0.1256016426099923,3.2351782106254565,0.2003374172837592,0.6942867317784915,0.05988387980581641,9.468268348428401,0.09602177317723198,0.6334368765177928,0.025424182159542483
rat,9,73,1923,False,2.7829135731957595,0.3849941215822949,0.6416692771233536,0.21010110223355286,2.492865859098132,0.5301649007023754,0.6637341911206166,0.2927090406529463,2.5847431587217646,2.82293112614534,0.3765520469418912,0.6421418578902142,0.20716903702481085,3.6560233846879844,0.24598191412163353,0.6300597049892533,0.11611119341099674,4.7343614096832045,0.1699798400010823,0.6126378609798375,0.04597446444291039,10.636261644119145,0.10477985480408221,0.530518999771432,0.025465058563453373
macaque_w,0,29,590,False,4.692693135888989,0.3252020763349658,0.7185810683849447,0.14107838195735511,1.832444382995528,0.35824795594021636,0.7266719017565227,0.2713039416688741,1.9894749169908406,3.80515569183392,0.27676855243119464,0.7180344552878921,0.1575348302496507,7.881342207163611,0.18289854609264525,0.698782921501374,0.05380033199119607,13.4145611998882,0.14655707451907593,0.4974844467105336,0.04389745134088273,13.641708327668058,0.14875888743484975,0.44719729625838145,0.03444765814544071
macaque_w,1,29,590,False,4.618048189980903,0.29394740366605354,0.6793013101104479,0.10081468719423764,2.0430185457663197,0.3435279028446167,0.694520454567013,0.2002524462481215,2.161922893586823,3.881279316237045,0.24975934193029461,0.6782778692180714,0.11034620634801748,7.8116377251509315,0.15764387026460291,0.6398078270447747,0.042631083535044134,13.691980956326505,0.11710467197234561,0.4377876247478139,0.03966896327317803,14.344229077642149,0.10703254229819174,0.40928640859265114,0.02892251608332369
macaque_w,2,29,590,False,4.844039400004254,0.27588041488239334,0.6446331375293914,0.13443427229489727,2.288588323520165,0.32747489453297135,0.6535648623538045,0.252111379755808,2.459968648591555,4.210761646682399,0.23608668912613007,0.6426995502353802,0.1442072967967022,7.871818512792356,0.16021565550801292,0.6039054906404834,0.06157792049293644,12.777177238707827,0.10607088676621532,0.39521757281836284,0.046806109756270683,18.41447763020462,0.08071446794583688,0.39724245906736355,0.039395266052371904
macaque_w,3,29,590,False,5.0243773796486115,0.26596115779040674,0.6086853269433248,0.11828377065085591,2.4279845173609385,0.3764025887306499,0.6159036101619693,0.2571435581762963,2.629083148250424,4.1838947919698715,0.21848286159775318,0.6019718616851067,0.13579391477580283,8.212435765414813,0.1512268972047541,0.5718949677374807,0.04681948692071248,12.730358369019447,0.10660213404337048,0.5774214629806005,0.033325249961572594,14.609014438918853,0.10110748795447108,0.3564399780813056,0.043891936609990335
macaque_w,4,29,590,False,4.580804419967743,0.2547484939887713,0.6517140365289514,0.12271826543499977,1.9239558625829183,0.3669530924624775,0.664711054110695,0.23193840544623948,2.1403280279434145,3.8101201716205906,0.22815497078726638,0.6544610108749428,0.13261051609483962,7.425727723767371,0.1421247886175045,0.6362651151159594,0.04664794994819597,7.6705306245411995,0.10634438688640299,0.40995779155998585,0.037931004386812676,14.301360932955511,0.07869403610726709,0.3830704491321729,0.03217285399653374
macaque_w,5,29,590,False,4.604461832009685,0.3143204445201796,0.6638208045606918,0.12373370093228264,1.7835693956479373,0.4909993508092768,0.6806622353606875,0.3012417638436992,2.077976515448821,4.056476823991954,0.273157667251465,0.6660148544877009,0.14590335218938882,7.657483467243062,0.16089933496203626,0.6418492759241347,0.06157505370478159,12.294627237100123,0.14403661638353005,0.46774916899123853,0.05738766618382099,17.35781643320906,0.1105129299046861,0.4068926159763891,0.03583202967290297
macaque_w,6,29,590,False,4.786974653214279,0.275303880037343,0.6846991648345128,0.11525244657162718,1.8472863718327563,0.33594044588575916,0.7013109294187327,0.2627487987377654,2.0975633095295927,3.726025910372674,0.2561066446340494,0.6846483032575186,0.13219381645394734,7.33180836299445,0.1478348047638787,0.6490538720280264,0.043260211959470496,12.814967691299522,0.11878729248773816,0.4821293828576545,0.03543757109167243,15.56597302093456,0.08955336575806865,0.4209752879875578,0.02587143692753341
macaque_w,7,29,590,False,4.721155170527708,0.25621047476299597,0.6802530722373953,0.14281164976316793,2.015530626401926,0.350913982258999,0.6914239153745342,0.30128771129126497,2.2332080010674162,3.7102557966056713,0.23444528136590678,0.6795711807166686,0.12862853092343654,8.482449803497975,0.1169112668850289,0.6419881044271499,0.06630057920331198,12.869473744471128,0.09312015620853321,0.43510023246878315,0.05480246489189518,15.640794178979586,0.06954896733311046,0.42974460399479647,0.04884297063158127
macaque_w,8,29,590,False,4.403336484142112,0.2545675881604762,0.6956735706496633,0.11311708684445784,1.7128541312933385,0.3191215402094919,0.7095571179233233,0.24659889753475106,1.9182677106093755,3.5271628349573785,0.22999942377703805,0.6955735112654162,0.11646925484186155,7.376505046589177,0.1224165677342109,0.6578582537281268,0.04443257839762281,12.670915099372237,0.10349955304593338,0.5004177209004788,0.03639402643646838,17.608651319440728,0.07050807342609738,0.4362559205991488,0.02804676690776332
macaque_w,9,29,590,False,5.2560009650822135,0.2732182684943868,0.6213928984754906,0.11745265293767067,2.7738458442252987,0.32488381475786354,0.6299273362526661,0.22181519135697372,2.8745254287205495,4.334899056094568,0.24265661376266184,0.6215064050390954,0.11956137759093406,7.729283848914511,0.13498694151661,0.6004566165256765,0.047125398833433765,12.710686349592478,0.11434267465966753,0.390873543381766,0.03328920486585281,13.242860728894701,0.09258764702958434,0.36369088427411256,0.025771348019938127
human,0,83,2134,False,1.6876042013632708,0.36739229761159475,0.7363298440174104,0.26249765687613047,1.6652455925123837,0.4042788779928494,0.7426595359945928,0.2818202490920089,1.801753266744839,1.79271905687473,0.32963552182342326,0.7341347733661507,0.24920677200726538,5.135454509803864,0.2360611483041286,0.7089316517787703,0.06979572559566784,8.12742811599347,0.16618538533109145,0.6890130012454287,0.039145941650246895,19.664548603749225,0.10714148745729399,0.4252078437904219,0.026052924426231742
human,1,83,2134,False,1.9095035661062199,0.36432309561747855,0.6967973693503886,0.2013443305954267,1.8992283087857644,0.37649514304749765,0.7007120051034791,0.2364752356586551,1.9768151205427165,2.0083020310312465,0.3048408835605566,0.6930052067081576,0.18765994805781844,5.015448673098686,0.19135743648432574,0.6519815453301023,0.046550812334415284,6.460584507724395,0.12952713352700473,0.6058040317058163,0.04541677373399061,16.46133162394725,0.08052717045770488,0.3965643977083823,0.02196931492011209
human,2,83,2134,False,2.21714121229035,0.35187225148521617,0.6633153630913527,0.23951184415566346,2.2102392374696826,0.3594995677168721,0.6783301843128212,0.25789418062889197,2.2942246033676352,2.2986785520566104,0.30591538404970997,0.6710756821369819,0.22599383678932286,4.562114996380962,0.15643548402238314,0.6303520919012005,0.07519895791936913,7.885680311459438,0.10277981829352124,0.5848928198251941,0.03991483110483929,15.747786187754524,0.07237906760581397,0.39219755467273665,0.024557566760691343
human,3,83,2134,False,2.4099012785929195,0.34302465147551076,0.6279777098793924,0.24422705881053647,2.3806557816004714,0.34957523576911814,0.650597375495776,0.2789402276975195,2.4726934062929433,2.5057606115368354,0.28490850214263713,0.6260436882179905,0.2334773583276065,5.733693801092056,0.14714876159920212,0.5910579477081702,0.05957413484020542,8.379366378211396,0.1128486856823759,0.5914333651001928,0.031105076090944317,13.64162694635164,0.08881918292261654,0.3673463733493453,0.027215747342761023
human,4,83,2134,False,1.8846297835815624,0.34242587033902155,0.6668352018085022,0.22259516565345094,1.8619533769820789,0.3515029670462933,0.6842193760038768,0.24363712982330124,1.974850325438207,1.9697498468464498,0.28695802027678374,0.6660199241964991,0.20981260388269932,4.395399124473189,0.1657370720150486,0.6477435427422186,0.057853059280002776,9.508057232802216,0.09782070020259995,0.6070937424066536,0.038165784445094796,14.847866121428892,0.06525675807431049,0.38391845647725586,0.023898201905343634
human,5,83,2134,False,1.7707324918785845,0.3976755099178162,0.6800965102664444,0.24353178708401166,1.7113128027185491,0.4395223165474307,0.686092904760596,0.2717491062522602,1.844526716078685,1.8718218406280682,0.34528449135093486,0.6789605977300086,0.22540851850399762,4.758724387621292,0.21331468055559377,0.6584759620285665,0.057153746953778554,8.45260016333555,0.14896383042626646,0.6228534418142985,0.0386146767017683,16.354449518139752,0.11075049863527563,0.40235973497580535,0.027142667314449
human,6,83,2134,False,1.7985852077780098,0.34158472657243744,0.7045365590520468,0.23842126534052022,1.787177579861577,0.34907391901527063,0.7127268242368039,0.27511499374081333,1.8590899574611297,1.8670531212511938,0.30156937437996867,0.7020756938765865,0.22544885505213663,4.850449783391155,0.19801098374544737,0.6829946514074717,0.055842718437069644,8.210008610908314,0.1252414523635803,0.6642625489825971,0.04009149170070384,20.850649705914794,0.08057788364223449,0.4149953886946846,0.02144621685558436
human,7,83,2134,False,1.9545514048649213,0.3307613606995594,0.6980839659586378,0.24839675304454348,1.924717853924708,0.35269162684635713,0.7113145662672489,0.27131111480948045,2.0286874732068276,2.0164601896296213,0.29910533626161995,0.6956380323375518,0.2379404998041917,5.590209598627529,0.18608516795540533,0.6724651245253958,0.056570990636877455,7.604228908307458,0.09916722910064775,0.6198117838059903,0.05351675467655668,17.542916959672436,0.06853984749842908,0.39684846195221174,0.03230297340463922
human,8,83,2134,False,1.6584709772265491,0.3195117871880179,0.7140913695113934,0.23021608284889367,1.7137596883345378,0.298455968901643,0.7191803703592815,0.23797701612885605,1.7325830646803884,1.8058668787611425,0.2925095506369231,0.7112972992566851,0.21640182117499265,4.865210598128986,0.1888483988551249,0.6903545003049066,0.06031295953527595,6.514493456362219,0.14853043322884846,0.6548545362637556,0.042080350595735894,12.699767258235294,0.0725333769430225,0.41886571617579926,0.023994448593702457
human,9,83,2134,False,2.700641495495441,0.36044863384482145,0.6359041852020556,0.24067718442210242,2.7236903972583217,0.3331219439766249,0.65484452421735,0.27154071678099406,2.7816956848787533,2.847418056273083,0.3085669275090155,0.6363616278360585,0.2319852334084294,4.963592395519655,0.18008141762618676,0.608957920583353,0.057509976434367636,8.078435144951177,0.1797739030985712,0.581625367302503,0.04823066431957188,16.93922895354003,0.08126928394003058,0.3605875252762899,0.021210676705214235
